complaint_id,title,text,category,priority,location,existing,resolution_summary
CMP0001,Verge water pipeline has burst and water is,Verge water pipeline has burst and water is flooding the road in anna nagar please look into this as soon as possible.,Water Supply,Critical,Block B,1,Water supply issue addressed and supply restored.
CMP0002,No water supply in mg road for 15,No water supply in mg road for 15 days affecting many houses.,Water Supply,High,Kannagi Street,1,Water supply issue addressed and supply restored.
CMP0003,Water leakage from the main line is wasting,Water leakage from the main line is wasting huge amounts and flooding anna nagar please look into this as soon as possible.,Water Supply,Critical,Block B,1,Water supply issue addressed and supply restored.
CMP0004,Verge water pipeline has burst and water is,Verge water pipeline has burst and water is flooding the road in sector 12.,Water Supply,Critical,First Cross Street,1,Water supply issue addressed and supply restored.
CMP0005,Water leakage from the main line is wasting,Water leakage from the main line is wasting huge amounts and flooding block b.,Water Supply,Critical,Anna Nagar,0,Water supply issue addressed and supply restored.
CMP0006,Not receiving drinking water in jubilee bus stop,Not receiving drinking water in jubilee bus stop for three days please look into this as soon as possible.,Water Supply,High,Jubilee Bus Stop,1,Water supply issue addressed and supply restored.
CMP0007,No water supply in lake view road for,No water supply in lake view road for 2 days affecting many houses.,Water Supply,High,Jubilee Bus Stop,1,Water supply issue addressed and supply restored.
CMP0008,Water leakage from the main line is wasting,Water leakage from the main line is wasting huge amounts and flooding anna nagar.,Water Supply,Critical,Kannagi Street,1,Water supply issue addressed and supply restored.
CMP0009,Water pressure is very low in sector 12,Water pressure is very low in sector 12 during morning hours.,Water Supply,Medium,Near The City School,1,Water supply issue addressed and supply restored.
CMP0010,Water comes only for a few minutes in,Water comes only for a few minutes in block b these days please look into this as soon as possible.,Water Supply,Medium,Mg Road,0,Water supply issue addressed and supply restored.
CMP0011,The main pipeline supplying kannagi street has stopped,The main pipeline supplying kannagi street has stopped working please look into this as soon as possible.,Water Supply,High,Kannagi Street,1,Water supply issue addressed and supply restored.
CMP0012,Tank water not filled in gandhi street for,Tank water not filled in gandhi street for this week.,Water Supply,Medium,Main Road Near The Market,1,Water supply issue addressed and supply restored.
CMP0013,Tank water not filled in block b for,Tank water not filled in block b for this week please look into this as soon as possible.,Water Supply,Medium,Mg Road,1,Water supply issue addressed and supply restored.
CMP0014,Verge water pipeline has burst and water is,Verge water pipeline has burst and water is flooding the road in near the city school please look into this as soon as possible.,Water Supply,Critical,First Cross Street,1,Water supply issue addressed and supply restored.
CMP0015,Water has been completely cut off in gandhi,Water has been completely cut off in gandhi street since yesterday morning please look into this as soon as possible.,Water Supply,High,Mg Road,0,Water supply issue addressed and supply restored.
CMP0016,Verge water pipeline has burst and water is,Verge water pipeline has burst and water is flooding the road in mg road.,Water Supply,Critical,Anna Nagar,1,Water supply issue addressed and supply restored.
CMP0017,No water supply in jubilee bus stop for,No water supply in jubilee bus stop for 7 days affecting many houses please look into this as soon as possible.,Water Supply,High,Block B,1,Water supply issue addressed and supply restored.
CMP0018,Water leakage from the main line is wasting,Water leakage from the main line is wasting huge amounts and flooding block b.,Water Supply,Critical,Mg Road,1,Water supply issue addressed and supply restored.
CMP0019,Water pressure is very low in kamaraj colony,Water pressure is very low in kamaraj colony during morning hours please look into this as soon as possible.,Water Supply,Medium,Sector 12,1,Water supply issue addressed and supply restored.
CMP0020,Water leakage from the main line is wasting,Water leakage from the main line is wasting huge amounts and flooding first cross street.,Water Supply,Critical,Near The City School,0,Water supply issue addressed and supply restored.
CMP0021,Tank water not filled in block b for,Tank water not filled in block b for this week.,Water Supply,Medium,Kannagi Street,1,Water supply issue addressed and supply restored.
CMP0022,No water supply in main road near the,No water supply in main road near the market for 15 days affecting many houses please look into this as soon as possible.,Water Supply,High,Mg Road,1,Water supply issue addressed and supply restored.
CMP0023,Water comes only for a few minutes in,Water comes only for a few minutes in kannagi street these days.,Water Supply,Medium,Gandhi Street,1,Water supply issue addressed and supply restored.
CMP0024,Water leakage from the main line is wasting,Water leakage from the main line is wasting huge amounts and flooding sector 12.,Water Supply,Critical,Mg Road,1,Water supply issue addressed and supply restored.
CMP0025,Verge water pipeline has burst and water is,Verge water pipeline has burst and water is flooding the road in mg road.,Water Supply,Critical,Mg Road,0,Water supply issue addressed and supply restored.
CMP0026,Water pressure is very low in kamaraj colony,Water pressure is very low in kamaraj colony during morning hours please look into this as soon as possible.,Water Supply,Medium,Anna Nagar,1,Water supply issue addressed and supply restored.
CMP0027,Water leakage from the main line is wasting,Water leakage from the main line is wasting huge amounts and flooding sector 12 please look into this as soon as possible.,Water Supply,Critical,Kannagi Street,1,Water supply issue addressed and supply restored.
CMP0028,Water leakage from the main line is wasting,Water leakage from the main line is wasting huge amounts and flooding mg road.,Water Supply,Critical,Main Road Near The Market,1,Water supply issue addressed and supply restored.
CMP0029,Water pressure is very low in sector 12,Water pressure is very low in sector 12 during morning hours.,Water Supply,Medium,Anna Nagar,1,Water supply issue addressed and supply restored.
CMP0030,Water leakage from the main line is wasting,Water leakage from the main line is wasting huge amounts and flooding gandhi street please look into this as soon as possible.,Water Supply,Critical,Jubilee Bus Stop,0,Water supply issue addressed and supply restored.
CMP0031,Water pressure is very low in anna nagar,Water pressure is very low in anna nagar during morning hours.,Water Supply,Medium,Kannagi Street,1,Water supply issue addressed and supply restored.
CMP0032,Not receiving drinking water in kannagi street for,Not receiving drinking water in kannagi street for three days.,Water Supply,High,Main Road Near The Market,1,Water supply issue addressed and supply restored.
CMP0033,Not receiving drinking water in sector 12 for,Not receiving drinking water in sector 12 for three days please look into this as soon as possible.,Water Supply,High,Near The City School,1,Water supply issue addressed and supply restored.
CMP0034,Water pressure is very low in sector 12,Water pressure is very low in sector 12 during morning hours.,Water Supply,Medium,Block B,1,Water supply issue addressed and supply restored.
CMP0035,Water leakage from the main line is wasting,Water leakage from the main line is wasting huge amounts and flooding lake view road.,Water Supply,Critical,Gandhi Street,0,Water supply issue addressed and supply restored.
CMP0036,Water leakage from the main line is wasting,Water leakage from the main line is wasting huge amounts and flooding kannagi street please look into this as soon as possible.,Water Supply,Critical,Jubilee Bus Stop,1,Water supply issue addressed and supply restored.
CMP0037,Water has been completely cut off in near,Water has been completely cut off in near the city school since yesterday morning please look into this as soon as possible.,Water Supply,High,First Cross Street,1,Water supply issue addressed and supply restored.
CMP0038,Verge water pipeline has burst and water is,Verge water pipeline has burst and water is flooding the road in block b.,Water Supply,Critical,Jubilee Bus Stop,1,Water supply issue addressed and supply restored.
CMP0039,Water has been completely cut off in kamaraj,Water has been completely cut off in kamaraj colony since yesterday morning.,Water Supply,High,Sector 12,1,Water supply issue addressed and supply restored.
CMP0040,Not receiving drinking water in block b for,Not receiving drinking water in block b for three days.,Water Supply,High,Lake View Road,0,Water supply issue addressed and supply restored.
CMP0041,Power cut for 15 hours every day in,Power cut for 15 hours every day in kannagi street.,Electricity,High,Lake View Road,1,Electrical fault attended and service restored.
CMP0042,Transformer in first cross street makes noise and,Transformer in first cross street makes noise and trips often.,Electricity,Medium,Mg Road,1,Electrical fault attended and service restored.
CMP0043,Power cut for 15 hours every day in,Power cut for 15 hours every day in lake view road please look into this as soon as possible.,Electricity,High,Kannagi Street,1,Electrical fault attended and service restored.
CMP0044,Power cut for 10 hours every day in,Power cut for 10 hours every day in block b.,Electricity,High,Lake View Road,1,Electrical fault attended and service restored.
CMP0045,Electricity is failing repeatedly in gandhi street damaging,Electricity is failing repeatedly in gandhi street damaging appliances.,Electricity,High,Kannagi Street,0,Electrical fault attended and service restored.
CMP0046,No power supply in anna nagar during evening,No power supply in anna nagar during evening hours.,Electricity,Medium,Anna Nagar,1,Electrical fault attended and service restored.
CMP0047,Power cut for 7 hours every day in,Power cut for 7 hours every day in main road near the market.,Electricity,High,Block B,1,Electrical fault attended and service restored.
CMP0048,No power supply in main road near the,No power supply in main road near the market during evening hours please look into this as soon as possible.,Electricity,Medium,Lake View Road,1,Electrical fault attended and service restored.
CMP0049,Transformer in kamaraj colony makes noise and trips,Transformer in kamaraj colony makes noise and trips often.,Electricity,Medium,First Cross Street,1,Electrical fault attended and service restored.
CMP0050,Power restoration was slightly delayed in main road,Power restoration was slightly delayed in main road near the market last week please look into this as soon as possible.,Electricity,Low,Anna Nagar,0,Electrical fault attended and service restored.
CMP0051,Power restoration was slightly delayed in first cross,Power restoration was slightly delayed in first cross street last week please look into this as soon as possible.,Electricity,Low,Near The City School,1,Electrical fault attended and service restored.
CMP0052,No power supply in anna nagar during evening,No power supply in anna nagar during evening hours please look into this as soon as possible.,Electricity,Medium,Main Road Near The Market,1,Electrical fault attended and service restored.
CMP0053,Voltage fluctuation is very high in kannagi street,Voltage fluctuation is very high in kannagi street and appliances are getting damaged.,Electricity,High,Lake View Road,1,Electrical fault attended and service restored.
CMP0054,Voltage fluctuation is very high in block b,Voltage fluctuation is very high in block b and appliances are getting damaged.,Electricity,High,Near The City School,1,Electrical fault attended and service restored.
CMP0055,Electricity is failing repeatedly in mg road damaging,Electricity is failing repeatedly in mg road damaging appliances.,Electricity,High,Jubilee Bus Stop,0,Electrical fault attended and service restored.
CMP0056,No power supply in mg road during evening,No power supply in mg road during evening hours please look into this as soon as possible.,Electricity,Medium,Kamaraj Colony,1,Electrical fault attended and service restored.
CMP0057,No power supply in mg road during evening,No power supply in mg road during evening hours please look into this as soon as possible.,Electricity,Medium,Jubilee Bus Stop,1,Electrical fault attended and service restored.
CMP0058,Power cut for 10 hours every day in,Power cut for 10 hours every day in gandhi street.,Electricity,High,Kannagi Street,1,Electrical fault attended and service restored.
CMP0059,Voltage fluctuation is very high in block b,Voltage fluctuation is very high in block b and appliances are getting damaged please look into this as soon as possible.,Electricity,High,Jubilee Bus Stop,1,Electrical fault attended and service restored.
CMP0060,Power cut for 5 hours every day in,Power cut for 5 hours every day in jubilee bus stop please look into this as soon as possible.,Electricity,High,Sector 12,0,Electrical fault attended and service restored.
CMP0061,Power restoration was slightly delayed in near the,Power restoration was slightly delayed in near the city school last week.,Electricity,Low,Anna Nagar,1,Electrical fault attended and service restored.
CMP0062,Power restoration was slightly delayed in mg road,Power restoration was slightly delayed in mg road last week.,Electricity,Low,Main Road Near The Market,1,Electrical fault attended and service restored.
CMP0063,No power supply in kannagi street during evening,No power supply in kannagi street during evening hours.,Electricity,Medium,Kamaraj Colony,1,Electrical fault attended and service restored.
CMP0064,No power supply in first cross street during,No power supply in first cross street during evening hours please look into this as soon as possible.,Electricity,Medium,Mg Road,1,Electrical fault attended and service restored.
CMP0065,Transformer in kamaraj colony makes noise and trips,Transformer in kamaraj colony makes noise and trips often please look into this as soon as possible.,Electricity,Medium,Mg Road,0,Electrical fault attended and service restored.
CMP0066,Transformer in anna nagar makes noise and trips,Transformer in anna nagar makes noise and trips often please look into this as soon as possible.,Electricity,Medium,Main Road Near The Market,1,Electrical fault attended and service restored.
CMP0067,Power restoration was slightly delayed in main road,Power restoration was slightly delayed in main road near the market last week.,Electricity,Low,First Cross Street,1,Electrical fault attended and service restored.
CMP0068,No power supply in kannagi street during evening,No power supply in kannagi street during evening hours.,Electricity,Medium,First Cross Street,1,Electrical fault attended and service restored.
CMP0069,Voltage fluctuation is very high in anna nagar,Voltage fluctuation is very high in anna nagar and appliances are getting damaged.,Electricity,High,Sector 12,1,Electrical fault attended and service restored.
CMP0070,Electricity is failing repeatedly in main road near,Electricity is failing repeatedly in main road near the market damaging appliances please look into this as soon as possible.,Electricity,High,Anna Nagar,0,Electrical fault attended and service restored.
CMP0071,No power supply in mg road during evening,No power supply in mg road during evening hours.,Electricity,Medium,Jubilee Bus Stop,1,Electrical fault attended and service restored.
CMP0072,Power restoration was slightly delayed in near the,Power restoration was slightly delayed in near the city school last week please look into this as soon as possible.,Electricity,Low,Block B,1,Electrical fault attended and service restored.
CMP0073,Power cut for 2 hours every day in,Power cut for 2 hours every day in lake view road please look into this as soon as possible.,Electricity,High,Jubilee Bus Stop,1,Electrical fault attended and service restored.
CMP0074,No power supply in kamaraj colony during evening,No power supply in kamaraj colony during evening hours.,Electricity,Medium,Kannagi Street,1,Electrical fault attended and service restored.
CMP0075,No power supply in gandhi street during evening,No power supply in gandhi street during evening hours please look into this as soon as possible.,Electricity,Medium,Gandhi Street,0,Electrical fault attended and service restored.
CMP0076,Transformer in block b makes noise and trips,Transformer in block b makes noise and trips often please look into this as soon as possible.,Electricity,Medium,Block B,1,Electrical fault attended and service restored.
CMP0077,Transformer in kamaraj colony makes noise and trips,Transformer in kamaraj colony makes noise and trips often please look into this as soon as possible.,Electricity,Medium,Kamaraj Colony,1,Electrical fault attended and service restored.
CMP0078,Transformer in mg road makes noise and trips,Transformer in mg road makes noise and trips often.,Electricity,Medium,Anna Nagar,1,Electrical fault attended and service restored.
CMP0079,Electricity is failing repeatedly in main road near,Electricity is failing repeatedly in main road near the market damaging appliances.,Electricity,High,Kamaraj Colony,1,Electrical fault attended and service restored.
CMP0080,Power cut for 7 hours every day in,Power cut for 7 hours every day in near the city school please look into this as soon as possible.,Electricity,High,Jubilee Bus Stop,0,Electrical fault attended and service restored.
CMP0081,Road surface in lake view road is uneven,Road surface in lake view road is uneven and needs repair please look into this as soon as possible.,Roads,Medium,Anna Nagar,1,Road repair work completed.
CMP0082,Paint markings on the road at anna nagar,Paint markings on the road at anna nagar have faded.,Roads,Low,Sector 12,1,Road repair work completed.
CMP0083,Small patches of crumbling road surface near jubilee,Small patches of crumbling road surface near jubilee bus stop please look into this as soon as possible.,Roads,Low,Mg Road,1,Road repair work completed.
CMP0084,Speed breakers in mg road are damaged and,Speed breakers in mg road are damaged and not visible at night please look into this as soon as possible.,Roads,Medium,Kamaraj Colony,1,Road repair work completed.
CMP0085,Paint markings on the road at mg road,Paint markings on the road at mg road have faded please look into this as soon as possible.,Roads,Low,First Cross Street,0,Road repair work completed.
CMP0086,Road surface in block b is uneven and,Road surface in block b is uneven and needs repair.,Roads,Medium,Lake View Road,1,Road repair work completed.
CMP0087,Small patches of crumbling road surface near near,Small patches of crumbling road surface near near the city school please look into this as soon as possible.,Roads,Low,Sector 12,1,Road repair work completed.
CMP0088,Road near kamaraj colony has big cracks and,Road near kamaraj colony has big cracks and is unsafe for two wheelers.,Roads,High,Near The City School,1,Road repair work completed.
CMP0089,Paint markings on the road at gandhi street,Paint markings on the road at gandhi street have faded.,Roads,Low,Block B,1,Road repair work completed.
CMP0090,Paint markings on the road at first cross,Paint markings on the road at first cross street have faded.,Roads,Low,Kamaraj Colony,0,Road repair work completed.
CMP0091,Paint markings on the road at kannagi street,Paint markings on the road at kannagi street have faded.,Roads,Low,Block B,1,Road repair work completed.
CMP0092,Paint markings on the road at block b,Paint markings on the road at block b have faded please look into this as soon as possible.,Roads,Low,Anna Nagar,1,Road repair work completed.
CMP0093,A large pothole on the gandhi street damaged,A large pothole on the gandhi street damaged my vehicle.,Roads,High,Kannagi Street,1,Road repair work completed.
CMP0094,Speed breakers in mg road are damaged and,Speed breakers in mg road are damaged and not visible at night please look into this as soon as possible.,Roads,Medium,First Cross Street,1,Road repair work completed.
CMP0095,Speed breakers in lake view road are damaged,Speed breakers in lake view road are damaged and not visible at night please look into this as soon as possible.,Roads,Medium,First Cross Street,0,Road repair work completed.
CMP0096,A large pothole on the lake view road,A large pothole on the lake view road damaged my vehicle please look into this as soon as possible.,Roads,High,First Cross Street,1,Road repair work completed.
CMP0097,Paint markings on the road at anna nagar,Paint markings on the road at anna nagar have faded please look into this as soon as possible.,Roads,Low,Kannagi Street,1,Road repair work completed.
CMP0098,Road surface in gandhi street is uneven and,Road surface in gandhi street is uneven and needs repair.,Roads,Medium,Sector 12,1,Road repair work completed.
CMP0099,Paint markings on the road at gandhi street,Paint markings on the road at gandhi street have faded.,Roads,Low,Sector 12,1,Road repair work completed.
CMP0100,Speed breakers in main road near the market,Speed breakers in main road near the market are damaged and not visible at night.,Roads,Medium,Gandhi Street,0,Road repair work completed.
CMP0101,Road surface in mg road is uneven and,Road surface in mg road is uneven and needs repair.,Roads,Medium,Sector 12,1,Road repair work completed.
CMP0102,Road surface in kamaraj colony is uneven and,Road surface in kamaraj colony is uneven and needs repair please look into this as soon as possible.,Roads,Medium,Kamaraj Colony,1,Road repair work completed.
CMP0103,Road near jubilee bus stop has big cracks,Road near jubilee bus stop has big cracks and is unsafe for two wheelers.,Roads,High,Kannagi Street,1,Road repair work completed.
CMP0104,A large pothole on the block b damaged,A large pothole on the block b damaged my vehicle.,Roads,High,First Cross Street,1,Road repair work completed.
CMP0105,A large pothole on the lake view road,A large pothole on the lake view road damaged my vehicle please look into this as soon as possible.,Roads,High,Gandhi Street,0,Road repair work completed.
CMP0106,Road surface in block b is uneven and,Road surface in block b is uneven and needs repair.,Roads,Medium,Near The City School,1,Road repair work completed.
CMP0107,Small patches of crumbling road surface near near,Small patches of crumbling road surface near near the city school.,Roads,Low,Jubilee Bus Stop,1,Road repair work completed.
CMP0108,Speed breakers in lake view road are damaged,Speed breakers in lake view road are damaged and not visible at night.,Roads,Medium,Sector 12,1,Road repair work completed.
CMP0109,Small patches of crumbling road surface near gandhi,Small patches of crumbling road surface near gandhi street please look into this as soon as possible.,Roads,Low,Gandhi Street,1,Road repair work completed.
CMP0110,Road near jubilee bus stop has big cracks,Road near jubilee bus stop has big cracks and is unsafe for two wheelers.,Roads,High,Lake View Road,0,Road repair work completed.
CMP0111,Small patches of crumbling road surface near gandhi,Small patches of crumbling road surface near gandhi street.,Roads,Low,Sector 12,1,Road repair work completed.
CMP0112,Road near near the city school has big,Road near near the city school has big cracks and is unsafe for two wheelers.,Roads,High,Kannagi Street,1,Road repair work completed.
CMP0113,Paint markings on the road at main road,Paint markings on the road at main road near the market have faded.,Roads,Low,Anna Nagar,1,Road repair work completed.
CMP0114,Speed breakers in jubilee bus stop are damaged,Speed breakers in jubilee bus stop are damaged and not visible at night.,Roads,Medium,Jubilee Bus Stop,1,Road repair work completed.
CMP0115,Speed breakers in lake view road are damaged,Speed breakers in lake view road are damaged and not visible at night.,Roads,Medium,Gandhi Street,0,Road repair work completed.
CMP0116,The road in sector 12 has a deep,The road in sector 12 has a deep ditch causing frequent accidents.,Roads,High,Jubilee Bus Stop,1,Road repair work completed.
CMP0117,The road in kannagi street has a deep,The road in kannagi street has a deep ditch causing frequent accidents.,Roads,High,Anna Nagar,1,Road repair work completed.
CMP0118,A large pothole on the block b damaged,A large pothole on the block b damaged my vehicle please look into this as soon as possible.,Roads,High,Main Road Near The Market,1,Road repair work completed.
CMP0119,A large pothole on the gandhi street damaged,A large pothole on the gandhi street damaged my vehicle please look into this as soon as possible.,Roads,High,Block B,1,Road repair work completed.
CMP0120,Speed breakers in jubilee bus stop are damaged,Speed breakers in jubilee bus stop are damaged and not visible at night.,Roads,Medium,First Cross Street,0,Road repair work completed.
CMP0121,Loose garbage on the corner of main road,Loose garbage on the corner of main road near the market occasionally please look into this as soon as possible.,Garbage/Waste,Low,Anna Nagar,1,Garbage collected and area cleaned.
CMP0122,No garbage collection in lake view road for,No garbage collection in lake view road for the last two days please look into this as soon as possible.,Garbage/Waste,Medium,Near The City School,1,Garbage collected and area cleaned.
CMP0123,Loose garbage on the corner of kannagi street,Loose garbage on the corner of kannagi street occasionally.,Garbage/Waste,Low,Mg Road,1,Garbage collected and area cleaned.
CMP0124,Loose garbage on the corner of near the,Loose garbage on the corner of near the city school occasionally please look into this as soon as possible.,Garbage/Waste,Low,Sector 12,1,Garbage collected and area cleaned.
CMP0125,No garbage collection in kannagi street for the,No garbage collection in kannagi street for the last two days.,Garbage/Waste,Medium,Anna Nagar,0,Garbage collected and area cleaned.
CMP0126,No garbage collection in kannagi street for the,No garbage collection in kannagi street for the last two days.,Garbage/Waste,Medium,Mg Road,1,Garbage collected and area cleaned.
CMP0127,Garbage bins in lake view road are overflowing,Garbage bins in lake view road are overflowing and need urgent emptying.,Garbage/Waste,Medium,Mg Road,1,Garbage collected and area cleaned.
CMP0128,No garbage collection in gandhi street for the,No garbage collection in gandhi street for the last two days.,Garbage/Waste,Medium,Near The City School,1,Garbage collected and area cleaned.
CMP0129,No garbage collection in block b for the,No garbage collection in block b for the last two days.,Garbage/Waste,Medium,Kamaraj Colony,1,Garbage collected and area cleaned.
CMP0130,Garbage bins in gandhi street are overflowing and,Garbage bins in gandhi street are overflowing and need urgent emptying.,Garbage/Waste,Medium,Lake View Road,0,Garbage collected and area cleaned.
CMP0131,Garbage bins in gandhi street are overflowing and,Garbage bins in gandhi street are overflowing and need urgent emptying please look into this as soon as possible.,Garbage/Waste,Medium,Gandhi Street,1,Garbage collected and area cleaned.
CMP0132,Waste is piling up for 5 days in,Waste is piling up for 5 days in kamaraj colony causing a health hazard please look into this as soon as possible.,Garbage/Waste,High,Near The City School,1,Garbage collected and area cleaned.
CMP0133,Loose garbage on the corner of sector 12,Loose garbage on the corner of sector 12 occasionally.,Garbage/Waste,Low,Block B,1,Garbage collected and area cleaned.
CMP0134,Garbage has not been collected for one week,Garbage has not been collected for one week in first cross street and there is a bad smell.,Garbage/Waste,High,Block B,1,Garbage collected and area cleaned.
CMP0135,Loose garbage on the corner of mg road,Loose garbage on the corner of mg road occasionally.,Garbage/Waste,Low,Anna Nagar,0,Garbage collected and area cleaned.
CMP0136,Waste is piling up for 7 days in,Waste is piling up for 7 days in block b causing a health hazard.,Garbage/Waste,High,Kamaraj Colony,1,Garbage collected and area cleaned.
CMP0137,Loose garbage on the corner of gandhi street,Loose garbage on the corner of gandhi street occasionally.,Garbage/Waste,Low,Lake View Road,1,Garbage collected and area cleaned.
CMP0138,Loose garbage on the corner of jubilee bus,Loose garbage on the corner of jubilee bus stop occasionally.,Garbage/Waste,Low,Kamaraj Colony,1,Garbage collected and area cleaned.
CMP0139,Garbage bins in kannagi street are overflowing and,Garbage bins in kannagi street are overflowing and need urgent emptying please look into this as soon as possible.,Garbage/Waste,Medium,Kannagi Street,1,Garbage collected and area cleaned.
CMP0140,Loose garbage on the corner of block b,Loose garbage on the corner of block b occasionally.,Garbage/Waste,Low,Kamaraj Colony,0,Garbage collected and area cleaned.
CMP0141,Loose garbage on the corner of kannagi street,Loose garbage on the corner of kannagi street occasionally please look into this as soon as possible.,Garbage/Waste,Low,Block B,1,Garbage collected and area cleaned.
CMP0142,Garbage bins in kamaraj colony are overflowing and,Garbage bins in kamaraj colony are overflowing and need urgent emptying.,Garbage/Waste,Medium,Main Road Near The Market,1,Garbage collected and area cleaned.
CMP0143,Garbage bins in anna nagar are overflowing and,Garbage bins in anna nagar are overflowing and need urgent emptying please look into this as soon as possible.,Garbage/Waste,Medium,Main Road Near The Market,1,Garbage collected and area cleaned.
CMP0144,Loose garbage on the corner of kannagi street,Loose garbage on the corner of kannagi street occasionally please look into this as soon as possible.,Garbage/Waste,Low,Kamaraj Colony,1,Garbage collected and area cleaned.
CMP0145,No garbage collection in gandhi street for the,No garbage collection in gandhi street for the last two days please look into this as soon as possible.,Garbage/Waste,Medium,Anna Nagar,0,Garbage collected and area cleaned.
CMP0146,No garbage collection in kannagi street for the,No garbage collection in kannagi street for the last two days please look into this as soon as possible.,Garbage/Waste,Medium,Gandhi Street,1,Garbage collected and area cleaned.
CMP0147,Garbage has not been collected for one week,Garbage has not been collected for one week in main road near the market and there is a bad smell.,Garbage/Waste,High,Kamaraj Colony,1,Garbage collected and area cleaned.
CMP0148,Garbage has not been collected for one week,Garbage has not been collected for one week in kannagi street and there is a bad smell.,Garbage/Waste,High,Near The City School,1,Garbage collected and area cleaned.
CMP0149,Loose garbage on the corner of sector 12,Loose garbage on the corner of sector 12 occasionally.,Garbage/Waste,Low,Gandhi Street,1,Garbage collected and area cleaned.
CMP0150,No garbage collection in kamaraj colony for the,No garbage collection in kamaraj colony for the last two days.,Garbage/Waste,Medium,Near The City School,0,Garbage collected and area cleaned.
CMP0151,Loose garbage on the corner of block b,Loose garbage on the corner of block b occasionally please look into this as soon as possible.,Garbage/Waste,Low,Mg Road,1,Garbage collected and area cleaned.
CMP0152,Garbage has not been collected for one week,Garbage has not been collected for one week in block b and there is a bad smell.,Garbage/Waste,High,Main Road Near The Market,1,Garbage collected and area cleaned.
CMP0153,Waste is piling up for 15 days in,Waste is piling up for 15 days in gandhi street causing a health hazard.,Garbage/Waste,High,Kamaraj Colony,1,Garbage collected and area cleaned.
CMP0154,Garbage has not been collected for one week,Garbage has not been collected for one week in kamaraj colony and there is a bad smell please look into this as soon as possible.,Garbage/Waste,High,Gandhi Street,1,Garbage collected and area cleaned.
CMP0155,Garbage has not been collected for one week,Garbage has not been collected for one week in kamaraj colony and there is a bad smell.,Garbage/Waste,High,Near The City School,0,Garbage collected and area cleaned.
CMP0156,Loose garbage on the corner of lake view,Loose garbage on the corner of lake view road occasionally.,Garbage/Waste,Low,Mg Road,1,Garbage collected and area cleaned.
CMP0157,Waste is piling up for 2 days in,Waste is piling up for 2 days in main road near the market causing a health hazard please look into this as soon as possible.,Garbage/Waste,High,Kamaraj Colony,1,Garbage collected and area cleaned.
CMP0158,Loose garbage on the corner of gandhi street,Loose garbage on the corner of gandhi street occasionally.,Garbage/Waste,Low,Kamaraj Colony,1,Garbage collected and area cleaned.
CMP0159,Loose garbage on the corner of kamaraj colony,Loose garbage on the corner of kamaraj colony occasionally.,Garbage/Waste,Low,Gandhi Street,1,Garbage collected and area cleaned.
CMP0160,Garbage has not been collected for one week,Garbage has not been collected for one week in lake view road and there is a bad smell please look into this as soon as possible.,Garbage/Waste,High,Kamaraj Colony,0,Garbage collected and area cleaned.
CMP0161,Drainage water is overflowing onto the road in,Drainage water is overflowing onto the road in block b.,Drainage,High,Near The City School,1,Drain cleared and de-flooded.
CMP0162,Drainage in mg road is slow and water,Drainage in mg road is slow and water stays for long please look into this as soon as possible.,Drainage,Medium,Anna Nagar,1,Drain cleared and de-flooded.
CMP0163,Sewage is blocked in sector 12 and flowing,Sewage is blocked in sector 12 and flowing back into houses.,Drainage,High,Kamaraj Colony,1,Drain cleared and de-flooded.
CMP0164,Open drain in lake view road is clogged,Open drain in lake view road is clogged and water logs the street.,Drainage,High,Kannagi Street,1,Drain cleared and de-flooded.
CMP0165,Drain overflow near lake view road school is,Drain overflow near lake view road school is creating a dangerous unhygienic situation please look into this as soon as possible.,Drainage,Critical,Kannagi Street,0,Drain cleared and de-flooded.
CMP0166,Sewage is blocked in lake view road and,Sewage is blocked in lake view road and flowing back into houses.,Drainage,High,Mg Road,1,Drain cleared and de-flooded.
CMP0167,Sewage flooding the street in gandhi street is,Sewage flooding the street in gandhi street is a serious health risk for children please look into this as soon as possible.,Drainage,Critical,Jubilee Bus Stop,1,Drain cleared and de-flooded.
CMP0168,Sewage is blocked in sector 12 and flowing,Sewage is blocked in sector 12 and flowing back into houses.,Drainage,High,Mg Road,1,Drain cleared and de-flooded.
CMP0169,Drainage in lake view road is slow and,Drainage in lake view road is slow and water stays for long please look into this as soon as possible.,Drainage,Medium,Jubilee Bus Stop,1,Drain cleared and de-flooded.
CMP0170,Drainage in mg road is slow and water,Drainage in mg road is slow and water stays for long.,Drainage,Medium,Block B,0,Drain cleared and de-flooded.
CMP0171,Sewage flooding the street in kamaraj colony is,Sewage flooding the street in kamaraj colony is a serious health risk for children.,Drainage,Critical,Gandhi Street,1,Drain cleared and de-flooded.
CMP0172,Drainage water is overflowing onto the road in,Drainage water is overflowing onto the road in mg road.,Drainage,High,First Cross Street,1,Drain cleared and de-flooded.
CMP0173,Sewage is blocked in sector 12 and flowing,Sewage is blocked in sector 12 and flowing back into houses.,Drainage,High,Kannagi Street,1,Drain cleared and de-flooded.
CMP0174,Drainage water is overflowing onto the road in,Drainage water is overflowing onto the road in gandhi street.,Drainage,High,Main Road Near The Market,1,Drain cleared and de-flooded.
CMP0175,Drain overflow near sector 12 school is creating,Drain overflow near sector 12 school is creating a dangerous unhygienic situation please look into this as soon as possible.,Drainage,Critical,Gandhi Street,0,Drain cleared and de-flooded.
CMP0176,Sewage flooding the street in gandhi street is,Sewage flooding the street in gandhi street is a serious health risk for children please look into this as soon as possible.,Drainage,Critical,Block B,1,Drain cleared and de-flooded.
CMP0177,Drainage in kannagi street is slow and water,Drainage in kannagi street is slow and water stays for long.,Drainage,Medium,Lake View Road,1,Drain cleared and de-flooded.
CMP0178,Drain overflow near anna nagar school is creating,Drain overflow near anna nagar school is creating a dangerous unhygienic situation.,Drainage,Critical,Near The City School,1,Drain cleared and de-flooded.
CMP0179,Drainage in main road near the market is,Drainage in main road near the market is slow and water stays for long.,Drainage,Medium,Jubilee Bus Stop,1,Drain cleared and de-flooded.
CMP0180,Drain overflow near gandhi street school is creating,Drain overflow near gandhi street school is creating a dangerous unhygienic situation.,Drainage,Critical,First Cross Street,0,Drain cleared and de-flooded.
CMP0181,Open drain in lake view road is clogged,Open drain in lake view road is clogged and water logs the street.,Drainage,High,Lake View Road,1,Drain cleared and de-flooded.
CMP0182,Sewage is blocked in first cross street and,Sewage is blocked in first cross street and flowing back into houses.,Drainage,High,Lake View Road,1,Drain cleared and de-flooded.
CMP0183,Sewage flooding the street in gandhi street is,Sewage flooding the street in gandhi street is a serious health risk for children please look into this as soon as possible.,Drainage,Critical,Near The City School,1,Drain cleared and de-flooded.
CMP0184,Sewage flooding the street in gandhi street is,Sewage flooding the street in gandhi street is a serious health risk for children.,Drainage,Critical,Gandhi Street,1,Drain cleared and de-flooded.
CMP0185,Open drain in main road near the market,Open drain in main road near the market is clogged and water logs the street.,Drainage,High,Main Road Near The Market,0,Drain cleared and de-flooded.
CMP0186,Sewage is blocked in kamaraj colony and flowing,Sewage is blocked in kamaraj colony and flowing back into houses.,Drainage,High,Lake View Road,1,Drain cleared and de-flooded.
CMP0187,Drainage in jubilee bus stop is slow and,Drainage in jubilee bus stop is slow and water stays for long.,Drainage,Medium,Sector 12,1,Drain cleared and de-flooded.
CMP0188,Drain overflow near mg road school is creating,Drain overflow near mg road school is creating a dangerous unhygienic situation.,Drainage,Critical,Gandhi Street,1,Drain cleared and de-flooded.
CMP0189,Drainage in near the city school is slow,Drainage in near the city school is slow and water stays for long please look into this as soon as possible.,Drainage,Medium,Mg Road,1,Drain cleared and de-flooded.
CMP0190,Sewage flooding the street in first cross street,Sewage flooding the street in first cross street is a serious health risk for children.,Drainage,Critical,Kannagi Street,0,Drain cleared and de-flooded.
CMP0191,Drainage in gandhi street is slow and water,Drainage in gandhi street is slow and water stays for long.,Drainage,Medium,Anna Nagar,1,Drain cleared and de-flooded.
CMP0192,Sewage is blocked in anna nagar and flowing,Sewage is blocked in anna nagar and flowing back into houses.,Drainage,High,Lake View Road,1,Drain cleared and de-flooded.
CMP0193,Drainage water is overflowing onto the road in,Drainage water is overflowing onto the road in sector 12.,Drainage,High,Main Road Near The Market,1,Drain cleared and de-flooded.
CMP0194,Drainage water is overflowing onto the road in,Drainage water is overflowing onto the road in kannagi street.,Drainage,High,Near The City School,1,Drain cleared and de-flooded.
CMP0195,Drainage in gandhi street is slow and water,Drainage in gandhi street is slow and water stays for long please look into this as soon as possible.,Drainage,Medium,Gandhi Street,0,Drain cleared and de-flooded.
CMP0196,Drainage in gandhi street is slow and water,Drainage in gandhi street is slow and water stays for long.,Drainage,Medium,Gandhi Street,1,Drain cleared and de-flooded.
CMP0197,Sewage flooding the street in kannagi street is,Sewage flooding the street in kannagi street is a serious health risk for children.,Drainage,Critical,Near The City School,1,Drain cleared and de-flooded.
CMP0198,Drain overflow near first cross street school is,Drain overflow near first cross street school is creating a dangerous unhygienic situation.,Drainage,Critical,Kamaraj Colony,1,Drain cleared and de-flooded.
CMP0199,Sewage is blocked in gandhi street and flowing,Sewage is blocked in gandhi street and flowing back into houses please look into this as soon as possible.,Drainage,High,Near The City School,1,Drain cleared and de-flooded.
CMP0200,Drain overflow near first cross street school is,Drain overflow near first cross street school is creating a dangerous unhygienic situation please look into this as soon as possible.,Drainage,Critical,Mg Road,0,Drain cleared and de-flooded.
CMP0201,A single street lamp in anna nagar flickers,A single street lamp in anna nagar flickers occasionally.,Street Lights,Low,First Cross Street,1,Street light repaired and working.
CMP0202,Street lights in first cross street are off,Street lights in first cross street are off and the area is completely dark after sunset.,Street Lights,High,Kamaraj Colony,1,Street light repaired and working.
CMP0203,Street lights in jubilee bus stop are off,Street lights in jubilee bus stop are off and the area is completely dark after sunset.,Street Lights,High,Near The City School,1,Street light repaired and working.
CMP0204,A single street lamp in mg road flickers,A single street lamp in mg road flickers occasionally.,Street Lights,Low,Mg Road,1,Street light repaired and working.
CMP0205,Lamps in gandhi street are not glowing since,Lamps in gandhi street are not glowing since last week.,Street Lights,High,First Cross Street,0,Street light repaired and working.
CMP0206,Street light near kamaraj colony has not been,Street light near kamaraj colony has not been working for 5 days.,Street Lights,High,Main Road Near The Market,1,Street light repaired and working.
CMP0207,Streetlight in sector 12 remains off for several,Streetlight in sector 12 remains off for several days.,Street Lights,High,Kamaraj Colony,1,Street light repaired and working.
CMP0208,Lamps in gandhi street are not glowing since,Lamps in gandhi street are not glowing since last week please look into this as soon as possible.,Street Lights,High,Jubilee Bus Stop,1,Street light repaired and working.
CMP0209,All street lights are dark in kannagi street,All street lights are dark in kannagi street creating safety issues at night.,Street Lights,High,Block B,1,Street light repaired and working.
CMP0210,A single street lamp in kannagi street flickers,A single street lamp in kannagi street flickers occasionally.,Street Lights,Low,Kamaraj Colony,0,Street light repaired and working.
CMP0211,All street lights are dark in jubilee bus,All street lights are dark in jubilee bus stop creating safety issues at night.,Street Lights,High,Kamaraj Colony,1,Street light repaired and working.
CMP0212,A single street lamp in kannagi street flickers,A single street lamp in kannagi street flickers occasionally please look into this as soon as possible.,Street Lights,Low,Anna Nagar,1,Street light repaired and working.
CMP0213,A single street lamp in mg road flickers,A single street lamp in mg road flickers occasionally.,Street Lights,Low,Gandhi Street,1,Street light repaired and working.
CMP0214,A single street lamp in kannagi street flickers,A single street lamp in kannagi street flickers occasionally please look into this as soon as possible.,Street Lights,Low,Anna Nagar,1,Street light repaired and working.
CMP0215,A single street lamp in kannagi street flickers,A single street lamp in kannagi street flickers occasionally please look into this as soon as possible.,Street Lights,Low,Sector 12,0,Street light repaired and working.
CMP0216,All street lights are dark in gandhi street,All street lights are dark in gandhi street creating safety issues at night.,Street Lights,High,First Cross Street,1,Street light repaired and working.
CMP0217,A single street lamp in lake view road,A single street lamp in lake view road flickers occasionally please look into this as soon as possible.,Street Lights,Low,Gandhi Street,1,Street light repaired and working.
CMP0218,A single street lamp in anna nagar flickers,A single street lamp in anna nagar flickers occasionally.,Street Lights,Low,Gandhi Street,1,Street light repaired and working.
CMP0219,A single street lamp in jubilee bus stop,A single street lamp in jubilee bus stop flickers occasionally.,Street Lights,Low,Jubilee Bus Stop,1,Street light repaired and working.
CMP0220,A single street lamp in lake view road,A single street lamp in lake view road flickers occasionally please look into this as soon as possible.,Street Lights,Low,Kannagi Street,0,Street light repaired and working.
CMP0221,A single street lamp in mg road flickers,A single street lamp in mg road flickers occasionally.,Street Lights,Low,Near The City School,1,Street light repaired and working.
CMP0222,Street light near jubilee bus stop has not,Street light near jubilee bus stop has not been working for 3 days.,Street Lights,High,Near The City School,1,Street light repaired and working.
CMP0223,Street light near sector 12 has not been,Street light near sector 12 has not been working for 3 days.,Street Lights,High,Block B,1,Street light repaired and working.
CMP0224,A single street lamp in near the city,A single street lamp in near the city school flickers occasionally please look into this as soon as possible.,Street Lights,Low,Main Road Near The Market,1,Street light repaired and working.
CMP0225,Street lights in kamaraj colony are off and,Street lights in kamaraj colony are off and the area is completely dark after sunset please look into this as soon as possible.,Street Lights,High,Mg Road,0,Street light repaired and working.
CMP0226,Streetlight in anna nagar remains off for several,Streetlight in anna nagar remains off for several days.,Street Lights,High,Block B,1,Street light repaired and working.
CMP0227,A single street lamp in main road near,A single street lamp in main road near the market flickers occasionally please look into this as soon as possible.,Street Lights,Low,First Cross Street,1,Street light repaired and working.
CMP0228,A single street lamp in first cross street,A single street lamp in first cross street flickers occasionally.,Street Lights,Low,Jubilee Bus Stop,1,Street light repaired and working.
CMP0229,All street lights are dark in sector 12,All street lights are dark in sector 12 creating safety issues at night.,Street Lights,High,Anna Nagar,1,Street light repaired and working.
CMP0230,A single street lamp in mg road flickers,A single street lamp in mg road flickers occasionally please look into this as soon as possible.,Street Lights,Low,Gandhi Street,0,Street light repaired and working.
CMP0231,A single street lamp in mg road flickers,A single street lamp in mg road flickers occasionally.,Street Lights,Low,Gandhi Street,1,Street light repaired and working.
CMP0232,Street light near jubilee bus stop has not,Street light near jubilee bus stop has not been working for 10 days please look into this as soon as possible.,Street Lights,High,Main Road Near The Market,1,Street light repaired and working.
CMP0233,A single street lamp in lake view road,A single street lamp in lake view road flickers occasionally.,Street Lights,Low,Gandhi Street,1,Street light repaired and working.
CMP0234,A single street lamp in first cross street,A single street lamp in first cross street flickers occasionally.,Street Lights,Low,Mg Road,1,Street light repaired and working.
CMP0235,All street lights are dark in gandhi street,All street lights are dark in gandhi street creating safety issues at night.,Street Lights,High,Gandhi Street,0,Street light repaired and working.
CMP0236,A single street lamp in first cross street,A single street lamp in first cross street flickers occasionally please look into this as soon as possible.,Street Lights,Low,Jubilee Bus Stop,1,Street light repaired and working.
CMP0237,A single street lamp in main road near,A single street lamp in main road near the market flickers occasionally.,Street Lights,Low,Kannagi Street,1,Street light repaired and working.
CMP0238,Street light near kannagi street has not been,Street light near kannagi street has not been working for 7 days please look into this as soon as possible.,Street Lights,High,First Cross Street,1,Street light repaired and working.
CMP0239,A single street lamp in sector 12 flickers,A single street lamp in sector 12 flickers occasionally.,Street Lights,Low,Sector 12,1,Street light repaired and working.
CMP0240,A single street lamp in lake view road,A single street lamp in lake view road flickers occasionally.,Street Lights,Low,Lake View Road,0,Street light repaired and working.
CMP0241,Buses skip kamaraj colony stop entirely hurting commuters,Buses skip kamaraj colony stop entirely hurting commuters who reach office late please look into this as soon as possible.,Public Transport,High,Kannagi Street,1,Transport issue escalated to the operator.
CMP0242,Buses skip main road near the market stop,Buses skip main road near the market stop entirely hurting commuters who reach office late.,Public Transport,High,Kannagi Street,1,Transport issue escalated to the operator.
CMP0243,Some town buses skip the kannagi street stop,Some town buses skip the kannagi street stop without notice please look into this as soon as possible.,Public Transport,Low,Block B,1,Transport issue escalated to the operator.
CMP0244,Bus stop at near the city school lacks,Bus stop at near the city school lacks shade and seating.,Public Transport,Low,Kamaraj Colony,1,Transport issue escalated to the operator.
CMP0245,Bus #42 in kamaraj colony frequently delays in,Bus #42 in kamaraj colony frequently delays in the morning.,Public Transport,Medium,Jubilee Bus Stop,0,Transport issue escalated to the operator.
CMP0246,Bus stop at main road near the market,Bus stop at main road near the market lacks shade and seating please look into this as soon as possible.,Public Transport,Low,Mg Road,1,Transport issue escalated to the operator.
CMP0247,Bus stop at main road near the market,Bus stop at main road near the market lacks shade and seating.,Public Transport,Low,Anna Nagar,1,Transport issue escalated to the operator.
CMP0248,Bus #42 in lake view road frequently delays,Bus #42 in lake view road frequently delays in the morning.,Public Transport,Medium,Main Road Near The Market,1,Transport issue escalated to the operator.
CMP0249,Some town buses skip the first cross street,Some town buses skip the first cross street stop without notice.,Public Transport,Low,Near The City School,1,Transport issue escalated to the operator.
CMP0250,Buses skip anna nagar stop entirely hurting commuters,Buses skip anna nagar stop entirely hurting commuters who reach office late please look into this as soon as possible.,Public Transport,High,Near The City School,0,Transport issue escalated to the operator.
CMP0251,Bus #42 in kamaraj colony frequently delays in,Bus #42 in kamaraj colony frequently delays in the morning.,Public Transport,Medium,Gandhi Street,1,Transport issue escalated to the operator.
CMP0252,Buses skip lake view road stop entirely hurting,Buses skip lake view road stop entirely hurting commuters who reach office late please look into this as soon as possible.,Public Transport,High,Sector 12,1,Transport issue escalated to the operator.
CMP0253,Metro service at lake view road has long,Metro service at lake view road has long gaps during office hours please look into this as soon as possible.,Public Transport,Medium,Mg Road,1,Transport issue escalated to the operator.
CMP0254,Buses skip sector 12 stop entirely hurting commuters,Buses skip sector 12 stop entirely hurting commuters who reach office late please look into this as soon as possible.,Public Transport,High,Block B,1,Transport issue escalated to the operator.
CMP0255,Bus stop at anna nagar lacks shade and,Bus stop at anna nagar lacks shade and seating please look into this as soon as possible.,Public Transport,Low,Block B,0,Transport issue escalated to the operator.
CMP0256,Metro service at kamaraj colony has long gaps,Metro service at kamaraj colony has long gaps during office hours please look into this as soon as possible.,Public Transport,Medium,Gandhi Street,1,Transport issue escalated to the operator.
CMP0257,Buses skip main road near the market stop,Buses skip main road near the market stop entirely hurting commuters who reach office late.,Public Transport,High,First Cross Street,1,Transport issue escalated to the operator.
CMP0258,Metro service at kannagi street has long gaps,Metro service at kannagi street has long gaps during office hours.,Public Transport,Medium,Anna Nagar,1,Transport issue escalated to the operator.
CMP0259,Bus stop at gandhi street lacks shade and,Bus stop at gandhi street lacks shade and seating.,Public Transport,Low,Near The City School,1,Transport issue escalated to the operator.
CMP0260,Some town buses skip the first cross street,Some town buses skip the first cross street stop without notice.,Public Transport,Low,Kannagi Street,0,Transport issue escalated to the operator.
CMP0261,Bus stop at jubilee bus stop lacks shade,Bus stop at jubilee bus stop lacks shade and seating.,Public Transport,Low,Near The City School,1,Transport issue escalated to the operator.
CMP0262,Some town buses skip the kannagi street stop,Some town buses skip the kannagi street stop without notice.,Public Transport,Low,Block B,1,Transport issue escalated to the operator.
CMP0263,Some town buses skip the sector 12 stop,Some town buses skip the sector 12 stop without notice.,Public Transport,Low,Kamaraj Colony,1,Transport issue escalated to the operator.
CMP0264,Buses skip block b stop entirely hurting commuters,Buses skip block b stop entirely hurting commuters who reach office late.,Public Transport,High,Kannagi Street,1,Transport issue escalated to the operator.
CMP0265,Buses skip sector 12 stop entirely hurting commuters,Buses skip sector 12 stop entirely hurting commuters who reach office late please look into this as soon as possible.,Public Transport,High,Jubilee Bus Stop,0,Transport issue escalated to the operator.
CMP0266,Bus stop at block b lacks shade and,Bus stop at block b lacks shade and seating please look into this as soon as possible.,Public Transport,Low,Block B,1,Transport issue escalated to the operator.
CMP0267,Bus #42 in mg road frequently delays in,Bus #42 in mg road frequently delays in the morning please look into this as soon as possible.,Public Transport,Medium,Mg Road,1,Transport issue escalated to the operator.
CMP0268,Some town buses skip the near the city,Some town buses skip the near the city school stop without notice.,Public Transport,Low,Mg Road,1,Transport issue escalated to the operator.
CMP0269,Buses skip mg road stop entirely hurting commuters,Buses skip mg road stop entirely hurting commuters who reach office late please look into this as soon as possible.,Public Transport,High,Kannagi Street,1,Transport issue escalated to the operator.
CMP0270,Some town buses skip the mg road stop,Some town buses skip the mg road stop without notice.,Public Transport,Low,Near The City School,0,Transport issue escalated to the operator.
CMP0271,Metro service at sector 12 has long gaps,Metro service at sector 12 has long gaps during office hours please look into this as soon as possible.,Public Transport,Medium,Gandhi Street,1,Transport issue escalated to the operator.
CMP0272,Bus #42 in jubilee bus stop frequently delays,Bus #42 in jubilee bus stop frequently delays in the morning please look into this as soon as possible.,Public Transport,Medium,Mg Road,1,Transport issue escalated to the operator.
CMP0273,Metro service at gandhi street has long gaps,Metro service at gandhi street has long gaps during office hours.,Public Transport,Medium,First Cross Street,1,Transport issue escalated to the operator.
CMP0274,Metro service at near the city school has,Metro service at near the city school has long gaps during office hours please look into this as soon as possible.,Public Transport,Medium,Near The City School,1,Transport issue escalated to the operator.
CMP0275,Bus stop at anna nagar lacks shade and,Bus stop at anna nagar lacks shade and seating please look into this as soon as possible.,Public Transport,Low,Jubilee Bus Stop,0,Transport issue escalated to the operator.
CMP0276,Buses skip sector 12 stop entirely hurting commuters,Buses skip sector 12 stop entirely hurting commuters who reach office late please look into this as soon as possible.,Public Transport,High,Block B,1,Transport issue escalated to the operator.
CMP0277,Buses skip gandhi street stop entirely hurting commuters,Buses skip gandhi street stop entirely hurting commuters who reach office late.,Public Transport,High,Main Road Near The Market,1,Transport issue escalated to the operator.
CMP0278,Some town buses skip the kamaraj colony stop,Some town buses skip the kamaraj colony stop without notice.,Public Transport,Low,Jubilee Bus Stop,1,Transport issue escalated to the operator.
CMP0279,Buses skip mg road stop entirely hurting commuters,Buses skip mg road stop entirely hurting commuters who reach office late please look into this as soon as possible.,Public Transport,High,Jubilee Bus Stop,1,Transport issue escalated to the operator.
CMP0280,Metro service at kamaraj colony has long gaps,Metro service at kamaraj colony has long gaps during office hours.,Public Transport,Medium,Mg Road,0,Transport issue escalated to the operator.
CMP0281,Parking rules are not followed near the jubilee,Parking rules are not followed near the jubilee bus stop market on weekends.,Traffic,Low,Main Road Near The Market,1,Traffic management improved at the location.
CMP0282,Heavy vehicles park near mg road blocking visibility,Heavy vehicles park near mg road blocking visibility and traffic.,Traffic,High,Main Road Near The Market,1,Traffic management improved at the location.
CMP0283,Parking rules are not followed near the kamaraj,Parking rules are not followed near the kamaraj colony market on weekends.,Traffic,Low,Jubilee Bus Stop,1,Traffic management improved at the location.
CMP0284,Traffic signal near mg road is not working,Traffic signal near mg road is not working causing long jams.,Traffic,Medium,Jubilee Bus Stop,1,Traffic management improved at the location.
CMP0285,Rush hour congestion at kamaraj colony junction has,Rush hour congestion at kamaraj colony junction has increased a lot.,Traffic,Medium,Jubilee Bus Stop,0,Traffic management improved at the location.
CMP0286,Rash driving near block b has caused two,Rash driving near block b has caused two accidents this week please look into this as soon as possible.,Traffic,High,Kamaraj Colony,1,Traffic management improved at the location.
CMP0287,Traffic signal near mg road is not working,Traffic signal near mg road is not working causing long jams.,Traffic,Medium,Near The City School,1,Traffic management improved at the location.
CMP0288,Rush hour congestion at main road near the,Rush hour congestion at main road near the market junction has increased a lot please look into this as soon as possible.,Traffic,Medium,First Cross Street,1,Traffic management improved at the location.
CMP0289,Parking rules are not followed near the first,Parking rules are not followed near the first cross street market on weekends please look into this as soon as possible.,Traffic,Low,Jubilee Bus Stop,1,Traffic management improved at the location.
CMP0290,Parking rules are not followed near the gandhi,Parking rules are not followed near the gandhi street market on weekends please look into this as soon as possible.,Traffic,Low,First Cross Street,0,Traffic management improved at the location.
CMP0291,Rash driving near sector 12 has caused two,Rash driving near sector 12 has caused two accidents this week please look into this as soon as possible.,Traffic,High,Gandhi Street,1,Traffic management improved at the location.
CMP0292,Rush hour congestion at mg road junction has,Rush hour congestion at mg road junction has increased a lot.,Traffic,Medium,Gandhi Street,1,Traffic management improved at the location.
CMP0293,Heavy vehicles park near sector 12 blocking visibility,Heavy vehicles park near sector 12 blocking visibility and traffic.,Traffic,High,Main Road Near The Market,1,Traffic management improved at the location.
CMP0294,Traffic signal near kamaraj colony is not working,Traffic signal near kamaraj colony is not working causing long jams.,Traffic,Medium,Jubilee Bus Stop,1,Traffic management improved at the location.
CMP0295,Parking rules are not followed near the first,Parking rules are not followed near the first cross street market on weekends.,Traffic,Low,Kannagi Street,0,Traffic management improved at the location.
CMP0296,Rash driving near main road near the market,Rash driving near main road near the market has caused two accidents this week.,Traffic,High,Sector 12,1,Traffic management improved at the location.
CMP0297,Rush hour congestion at kannagi street junction has,Rush hour congestion at kannagi street junction has increased a lot.,Traffic,Medium,Jubilee Bus Stop,1,Traffic management improved at the location.
CMP0298,Rush hour congestion at anna nagar junction has,Rush hour congestion at anna nagar junction has increased a lot.,Traffic,Medium,Block B,1,Traffic management improved at the location.
CMP0299,Rash driving near jubilee bus stop has caused,Rash driving near jubilee bus stop has caused two accidents this week please look into this as soon as possible.,Traffic,High,Kannagi Street,1,Traffic management improved at the location.
CMP0300,Parking rules are not followed near the main,Parking rules are not followed near the main road near the market market on weekends please look into this as soon as possible.,Traffic,Low,Gandhi Street,0,Traffic management improved at the location.
CMP0301,Parking rules are not followed near the first,Parking rules are not followed near the first cross street market on weekends.,Traffic,Low,Anna Nagar,1,Traffic management improved at the location.
CMP0302,Traffic signal near kamaraj colony is not working,Traffic signal near kamaraj colony is not working causing long jams.,Traffic,Medium,Sector 12,1,Traffic management improved at the location.
CMP0303,Parking rules are not followed near the kannagi,Parking rules are not followed near the kannagi street market on weekends please look into this as soon as possible.,Traffic,Low,Kamaraj Colony,1,Traffic management improved at the location.
CMP0304,Traffic signal near block b is not working,Traffic signal near block b is not working causing long jams.,Traffic,Medium,Near The City School,1,Traffic management improved at the location.
CMP0305,Rash driving near kannagi street has caused two,Rash driving near kannagi street has caused two accidents this week.,Traffic,High,Near The City School,0,Traffic management improved at the location.
CMP0306,Parking rules are not followed near the mg,Parking rules are not followed near the mg road market on weekends.,Traffic,Low,First Cross Street,1,Traffic management improved at the location.
CMP0307,Rush hour congestion at lake view road junction,Rush hour congestion at lake view road junction has increased a lot.,Traffic,Medium,Block B,1,Traffic management improved at the location.
CMP0308,Parking rules are not followed near the main,Parking rules are not followed near the main road near the market market on weekends.,Traffic,Low,Sector 12,1,Traffic management improved at the location.
CMP0309,Rash driving near sector 12 has caused two,Rash driving near sector 12 has caused two accidents this week.,Traffic,High,Sector 12,1,Traffic management improved at the location.
CMP0310,Parking rules are not followed near the lake,Parking rules are not followed near the lake view road market on weekends.,Traffic,Low,Mg Road,0,Traffic management improved at the location.
CMP0311,Heavy vehicles park near kamaraj colony blocking visibility,Heavy vehicles park near kamaraj colony blocking visibility and traffic please look into this as soon as possible.,Traffic,High,Kannagi Street,1,Traffic management improved at the location.
CMP0312,Rash driving near first cross street has caused,Rash driving near first cross street has caused two accidents this week.,Traffic,High,Near The City School,1,Traffic management improved at the location.
CMP0313,Parking rules are not followed near the main,Parking rules are not followed near the main road near the market market on weekends.,Traffic,Low,Jubilee Bus Stop,1,Traffic management improved at the location.
CMP0314,Parking rules are not followed near the mg,Parking rules are not followed near the mg road market on weekends.,Traffic,Low,Gandhi Street,1,Traffic management improved at the location.
CMP0315,Parking rules are not followed near the main,Parking rules are not followed near the main road near the market market on weekends.,Traffic,Low,Gandhi Street,0,Traffic management improved at the location.
CMP0316,Rush hour congestion at block b junction has,Rush hour congestion at block b junction has increased a lot.,Traffic,Medium,Anna Nagar,1,Traffic management improved at the location.
CMP0317,Heavy vehicles park near sector 12 blocking visibility,Heavy vehicles park near sector 12 blocking visibility and traffic.,Traffic,High,Sector 12,1,Traffic management improved at the location.
CMP0318,Heavy vehicles park near anna nagar blocking visibility,Heavy vehicles park near anna nagar blocking visibility and traffic.,Traffic,High,Kamaraj Colony,1,Traffic management improved at the location.
CMP0319,Rash driving near mg road has caused two,Rash driving near mg road has caused two accidents this week please look into this as soon as possible.,Traffic,High,Jubilee Bus Stop,1,Traffic management improved at the location.
CMP0320,Heavy vehicles park near first cross street blocking,Heavy vehicles park near first cross street blocking visibility and traffic.,Traffic,High,Lake View Road,0,Traffic management improved at the location.
CMP0321,Stray dogs are aggressive near gandhi street school,Stray dogs are aggressive near gandhi street school in the morning.,Public Safety,High,Sector 12,1,Safety hazard secured by the department.
CMP0322,Stray dogs are aggressive near first cross street,Stray dogs are aggressive near first cross street school in the morning please look into this as soon as possible.,Public Safety,High,Near The City School,1,Safety hazard secured by the department.
CMP0323,Electrical wires are hanging dangerously low near kamaraj,Electrical wires are hanging dangerously low near kamaraj colony please look into this as soon as possible.,Public Safety,Critical,Jubilee Bus Stop,1,Safety hazard secured by the department.
CMP0324,Dark zone at kamaraj colony due to missing,Dark zone at kamaraj colony due to missing lights is affecting safety.,Public Safety,Medium,Lake View Road,1,Safety hazard secured by the department.
CMP0325,Electrical wires are hanging dangerously low near gandhi,Electrical wires are hanging dangerously low near gandhi street.,Public Safety,Critical,First Cross Street,0,Safety hazard secured by the department.
CMP0326,A collapsed structure on kamaraj colony street is,A collapsed structure on kamaraj colony street is partially blocking the way.,Public Safety,High,Anna Nagar,1,Safety hazard secured by the department.
CMP0327,Electrical wires are hanging dangerously low near mg,Electrical wires are hanging dangerously low near mg road.,Public Safety,Critical,First Cross Street,1,Safety hazard secured by the department.
CMP0328,Dark zone at anna nagar due to missing,Dark zone at anna nagar due to missing lights is affecting safety.,Public Safety,Medium,Mg Road,1,Safety hazard secured by the department.
CMP0329,Stray dogs are aggressive near main road near,Stray dogs are aggressive near main road near the market school in the morning please look into this as soon as possible.,Public Safety,High,Mg Road,1,Safety hazard secured by the department.
CMP0330,A collapsed structure on lake view road street,A collapsed structure on lake view road street is partially blocking the way please look into this as soon as possible.,Public Safety,High,Main Road Near The Market,0,Safety hazard secured by the department.
CMP0331,Dark zone at jubilee bus stop due to,Dark zone at jubilee bus stop due to missing lights is affecting safety.,Public Safety,Medium,Kannagi Street,1,Safety hazard secured by the department.
CMP0332,Dark zone at sector 12 due to missing,Dark zone at sector 12 due to missing lights is affecting safety.,Public Safety,Medium,Mg Road,1,Safety hazard secured by the department.
CMP0333,Stray dogs are aggressive near kannagi street school,Stray dogs are aggressive near kannagi street school in the morning.,Public Safety,High,Gandhi Street,1,Safety hazard secured by the department.
CMP0334,Dark zone at sector 12 due to missing,Dark zone at sector 12 due to missing lights is affecting safety please look into this as soon as possible.,Public Safety,Medium,Kamaraj Colony,1,Safety hazard secured by the department.
CMP0335,Dark zone at block b due to missing,Dark zone at block b due to missing lights is affecting safety please look into this as soon as possible.,Public Safety,Medium,Gandhi Street,0,Safety hazard secured by the department.
CMP0336,An abandoned building near main road near the,An abandoned building near main road near the market is open and children play inside please look into this as soon as possible.,Public Safety,Critical,Main Road Near The Market,1,Safety hazard secured by the department.
CMP0337,Dark zone at kannagi street due to missing,Dark zone at kannagi street due to missing lights is affecting safety.,Public Safety,Medium,Jubilee Bus Stop,1,Safety hazard secured by the department.
CMP0338,Dark zone at first cross street due to,Dark zone at first cross street due to missing lights is affecting safety.,Public Safety,Medium,Kamaraj Colony,1,Safety hazard secured by the department.
CMP0339,Stray dogs are aggressive near first cross street,Stray dogs are aggressive near first cross street school in the morning.,Public Safety,High,Mg Road,1,Safety hazard secured by the department.
CMP0340,Open manhole on the sector 12 road is,Open manhole on the sector 12 road is a serious hazard for pedestrians please look into this as soon as possible.,Public Safety,Critical,Block B,0,Safety hazard secured by the department.
CMP0341,An abandoned building near gandhi street is open,An abandoned building near gandhi street is open and children play inside.,Public Safety,Critical,Near The City School,1,Safety hazard secured by the department.
CMP0342,A collapsed structure on sector 12 street is,A collapsed structure on sector 12 street is partially blocking the way.,Public Safety,High,Kannagi Street,1,Safety hazard secured by the department.
CMP0343,Open manhole on the lake view road road,Open manhole on the lake view road road is a serious hazard for pedestrians.,Public Safety,Critical,Sector 12,1,Safety hazard secured by the department.
CMP0344,A collapsed structure on near the city school,A collapsed structure on near the city school street is partially blocking the way please look into this as soon as possible.,Public Safety,High,Jubilee Bus Stop,1,Safety hazard secured by the department.
CMP0345,Dark zone at gandhi street due to missing,Dark zone at gandhi street due to missing lights is affecting safety.,Public Safety,Medium,Jubilee Bus Stop,0,Safety hazard secured by the department.
CMP0346,Electrical wires are hanging dangerously low near mg,Electrical wires are hanging dangerously low near mg road please look into this as soon as possible.,Public Safety,Critical,Main Road Near The Market,1,Safety hazard secured by the department.
CMP0347,Stray dogs are aggressive near kannagi street school,Stray dogs are aggressive near kannagi street school in the morning please look into this as soon as possible.,Public Safety,High,Main Road Near The Market,1,Safety hazard secured by the department.
CMP0348,Open manhole on the first cross street road,Open manhole on the first cross street road is a serious hazard for pedestrians please look into this as soon as possible.,Public Safety,Critical,Sector 12,1,Safety hazard secured by the department.
CMP0349,Stray dogs are aggressive near kamaraj colony school,Stray dogs are aggressive near kamaraj colony school in the morning.,Public Safety,High,Sector 12,1,Safety hazard secured by the department.
CMP0350,Stray dogs are aggressive near mg road school,Stray dogs are aggressive near mg road school in the morning.,Public Safety,High,Kannagi Street,0,Safety hazard secured by the department.
CMP0351,Dark zone at near the city school due,Dark zone at near the city school due to missing lights is affecting safety please look into this as soon as possible.,Public Safety,Medium,Mg Road,1,Safety hazard secured by the department.
CMP0352,Dark zone at near the city school due,Dark zone at near the city school due to missing lights is affecting safety.,Public Safety,Medium,Anna Nagar,1,Safety hazard secured by the department.
CMP0353,An abandoned building near mg road is open,An abandoned building near mg road is open and children play inside.,Public Safety,Critical,Mg Road,1,Safety hazard secured by the department.
CMP0354,Electrical wires are hanging dangerously low near lake,Electrical wires are hanging dangerously low near lake view road.,Public Safety,Critical,Gandhi Street,1,Safety hazard secured by the department.
CMP0355,Dark zone at mg road due to missing,Dark zone at mg road due to missing lights is affecting safety.,Public Safety,Medium,Mg Road,0,Safety hazard secured by the department.
CMP0356,A collapsed structure on gandhi street street is,A collapsed structure on gandhi street street is partially blocking the way.,Public Safety,High,Main Road Near The Market,1,Safety hazard secured by the department.
CMP0357,A collapsed structure on gandhi street street is,A collapsed structure on gandhi street street is partially blocking the way please look into this as soon as possible.,Public Safety,High,Near The City School,1,Safety hazard secured by the department.
CMP0358,Open manhole on the first cross street road,Open manhole on the first cross street road is a serious hazard for pedestrians.,Public Safety,Critical,Jubilee Bus Stop,1,Safety hazard secured by the department.
CMP0359,Stray dogs are aggressive near jubilee bus stop,Stray dogs are aggressive near jubilee bus stop school in the morning.,Public Safety,High,Jubilee Bus Stop,1,Safety hazard secured by the department.
CMP0360,Open manhole on the kannagi street road is,Open manhole on the kannagi street road is a serious hazard for pedestrians.,Public Safety,Critical,Main Road Near The Market,0,Safety hazard secured by the department.
CMP0361,Mosquito breeding in stagnant water around kamaraj colony,Mosquito breeding in stagnant water around kamaraj colony has increased.,Sanitation,Medium,Lake View Road,1,Sanitation resolved and area sanitized.
CMP0362,Mosquito breeding in stagnant water around jubilee bus,Mosquito breeding in stagnant water around jubilee bus stop has increased.,Sanitation,Medium,Block B,1,Sanitation resolved and area sanitized.
CMP0363,Public toilet near sector 12 is very dirty,Public toilet near sector 12 is very dirty and needs cleaning.,Sanitation,Medium,Kamaraj Colony,1,Sanitation resolved and area sanitized.
CMP0364,Unhygienic conditions near kannagi street market with piles,Unhygienic conditions near kannagi street market with piles of waste.,Sanitation,High,Block B,1,Sanitation resolved and area sanitized.
CMP0365,Public toilet near anna nagar is very dirty,Public toilet near anna nagar is very dirty and needs cleaning please look into this as soon as possible.,Sanitation,Medium,Near The City School,0,Sanitation resolved and area sanitized.
CMP0366,A park at kamaraj colony needs routine cleaning,A park at kamaraj colony needs routine cleaning and maintenance please look into this as soon as possible.,Sanitation,Low,Kannagi Street,1,Sanitation resolved and area sanitized.
CMP0367,Unhygienic conditions near kamaraj colony market with piles,Unhygienic conditions near kamaraj colony market with piles of waste.,Sanitation,High,Lake View Road,1,Sanitation resolved and area sanitized.
CMP0368,Unhygienic conditions near lake view road market with,Unhygienic conditions near lake view road market with piles of waste.,Sanitation,High,Block B,1,Sanitation resolved and area sanitized.
CMP0369,Unhygienic conditions near kannagi street market with piles,Unhygienic conditions near kannagi street market with piles of waste.,Sanitation,High,Sector 12,1,Sanitation resolved and area sanitized.
CMP0370,Unhygienic conditions near main road near the market,Unhygienic conditions near main road near the market market with piles of waste.,Sanitation,High,Jubilee Bus Stop,0,Sanitation resolved and area sanitized.
CMP0371,A park at main road near the market,A park at main road near the market needs routine cleaning and maintenance.,Sanitation,Low,Lake View Road,1,Sanitation resolved and area sanitized.
CMP0372,A park at anna nagar needs routine cleaning,A park at anna nagar needs routine cleaning and maintenance please look into this as soon as possible.,Sanitation,Low,Jubilee Bus Stop,1,Sanitation resolved and area sanitized.
CMP0373,Unhygienic conditions near main road near the market,Unhygienic conditions near main road near the market market with piles of waste.,Sanitation,High,Main Road Near The Market,1,Sanitation resolved and area sanitized.
CMP0374,Unhygienic conditions near main road near the market,Unhygienic conditions near main road near the market market with piles of waste.,Sanitation,High,First Cross Street,1,Sanitation resolved and area sanitized.
CMP0375,Unhygienic conditions near sector 12 market with piles,Unhygienic conditions near sector 12 market with piles of waste.,Sanitation,High,Gandhi Street,0,Sanitation resolved and area sanitized.
CMP0376,A park at gandhi street needs routine cleaning,A park at gandhi street needs routine cleaning and maintenance please look into this as soon as possible.,Sanitation,Low,Jubilee Bus Stop,1,Sanitation resolved and area sanitized.
CMP0377,A park at lake view road needs routine,A park at lake view road needs routine cleaning and maintenance please look into this as soon as possible.,Sanitation,Low,First Cross Street,1,Sanitation resolved and area sanitized.
CMP0378,A park at near the city school needs,A park at near the city school needs routine cleaning and maintenance please look into this as soon as possible.,Sanitation,Low,Mg Road,1,Sanitation resolved and area sanitized.
CMP0379,A park at first cross street needs routine,A park at first cross street needs routine cleaning and maintenance.,Sanitation,Low,Main Road Near The Market,1,Sanitation resolved and area sanitized.
CMP0380,A park at main road near the market,A park at main road near the market needs routine cleaning and maintenance.,Sanitation,Low,Anna Nagar,0,Sanitation resolved and area sanitized.
CMP0381,A park at block b needs routine cleaning,A park at block b needs routine cleaning and maintenance.,Sanitation,Low,Lake View Road,1,Sanitation resolved and area sanitized.
CMP0382,Public toilet near first cross street is very,Public toilet near first cross street is very dirty and needs cleaning.,Sanitation,Medium,Near The City School,1,Sanitation resolved and area sanitized.
CMP0383,Unhygienic conditions near first cross street market with,Unhygienic conditions near first cross street market with piles of waste.,Sanitation,High,Sector 12,1,Sanitation resolved and area sanitized.
CMP0384,Unhygienic conditions near sector 12 market with piles,Unhygienic conditions near sector 12 market with piles of waste please look into this as soon as possible.,Sanitation,High,Main Road Near The Market,1,Sanitation resolved and area sanitized.
CMP0385,Unhygienic conditions near sector 12 market with piles,Unhygienic conditions near sector 12 market with piles of waste.,Sanitation,High,First Cross Street,0,Sanitation resolved and area sanitized.
CMP0386,A park at near the city school needs,A park at near the city school needs routine cleaning and maintenance please look into this as soon as possible.,Sanitation,Low,Block B,1,Sanitation resolved and area sanitized.
CMP0387,Unhygienic conditions near block b market with piles,Unhygienic conditions near block b market with piles of waste.,Sanitation,High,First Cross Street,1,Sanitation resolved and area sanitized.
CMP0388,Public toilet near jubilee bus stop is very,Public toilet near jubilee bus stop is very dirty and needs cleaning please look into this as soon as possible.,Sanitation,Medium,First Cross Street,1,Sanitation resolved and area sanitized.
CMP0389,Unhygienic conditions near kannagi street market with piles,Unhygienic conditions near kannagi street market with piles of waste.,Sanitation,High,Lake View Road,1,Sanitation resolved and area sanitized.
CMP0390,Unhygienic conditions near main road near the market,Unhygienic conditions near main road near the market market with piles of waste please look into this as soon as possible.,Sanitation,High,First Cross Street,0,Sanitation resolved and area sanitized.
CMP0391,Public toilet near gandhi street is very dirty,Public toilet near gandhi street is very dirty and needs cleaning please look into this as soon as possible.,Sanitation,Medium,Gandhi Street,1,Sanitation resolved and area sanitized.
CMP0392,Mosquito breeding in stagnant water around sector 12,Mosquito breeding in stagnant water around sector 12 has increased.,Sanitation,Medium,First Cross Street,1,Sanitation resolved and area sanitized.
CMP0393,Unhygienic conditions near kannagi street market with piles,Unhygienic conditions near kannagi street market with piles of waste.,Sanitation,High,Block B,1,Sanitation resolved and area sanitized.
CMP0394,Mosquito breeding in stagnant water around mg road,Mosquito breeding in stagnant water around mg road has increased please look into this as soon as possible.,Sanitation,Medium,Block B,1,Sanitation resolved and area sanitized.
CMP0395,Mosquito breeding in stagnant water around lake view,Mosquito breeding in stagnant water around lake view road has increased.,Sanitation,Medium,Kannagi Street,0,Sanitation resolved and area sanitized.
CMP0396,A park at anna nagar needs routine cleaning,A park at anna nagar needs routine cleaning and maintenance.,Sanitation,Low,Main Road Near The Market,1,Sanitation resolved and area sanitized.
CMP0397,Unhygienic conditions near gandhi street market with piles,Unhygienic conditions near gandhi street market with piles of waste please look into this as soon as possible.,Sanitation,High,Kamaraj Colony,1,Sanitation resolved and area sanitized.
CMP0398,Unhygienic conditions near mg road market with piles,Unhygienic conditions near mg road market with piles of waste.,Sanitation,High,Kannagi Street,1,Sanitation resolved and area sanitized.
CMP0399,A park at sector 12 needs routine cleaning,A park at sector 12 needs routine cleaning and maintenance.,Sanitation,Low,Anna Nagar,1,Sanitation resolved and area sanitized.
CMP0400,Public toilet near main road near the market,Public toilet near main road near the market is very dirty and needs cleaning.,Sanitation,Medium,Lake View Road,0,Sanitation resolved and area sanitized.
CMP0401,Civic office at first cross street has long,Civic office at first cross street has long waiting times for certificates.,Government Services,Low,Anna Nagar,1,Civic request processed.
CMP0402,Birth certificate application submitted at near the city,Birth certificate application submitted at near the city school is not processed please look into this as soon as possible.,Government Services,Medium,Jubilee Bus Stop,1,Civic request processed.
CMP0403,Pension verification camps in mg road are infrequent,Pension verification camps in mg road are infrequent.,Government Services,Low,Main Road Near The Market,1,Civic request processed.
CMP0404,Water bill shows wrong readings for kamaraj colony,Water bill shows wrong readings for kamaraj colony house and service is stalled.,Government Services,High,Jubilee Bus Stop,1,Civic request processed.
CMP0405,Birth certificate application submitted at mg road is,Birth certificate application submitted at mg road is not processed.,Government Services,Medium,Anna Nagar,0,Civic request processed.
CMP0406,Water bill shows wrong readings for kamaraj colony,Water bill shows wrong readings for kamaraj colony house and service is stalled.,Government Services,High,Block B,1,Civic request processed.
CMP0407,Birth certificate application submitted at lake view road,Birth certificate application submitted at lake view road is not processed please look into this as soon as possible.,Government Services,Medium,Lake View Road,1,Civic request processed.
CMP0408,Water bill shows wrong readings for main road,Water bill shows wrong readings for main road near the market house and service is stalled.,Government Services,High,Block B,1,Civic request processed.
CMP0409,Birth certificate application submitted at lake view road,Birth certificate application submitted at lake view road is not processed.,Government Services,Medium,Kamaraj Colony,1,Civic request processed.
CMP0410,Pension verification camps in near the city school,Pension verification camps in near the city school are infrequent.,Government Services,Low,Kamaraj Colony,0,Civic request processed.
CMP0411,Water bill shows wrong readings for first cross,Water bill shows wrong readings for first cross street house and service is stalled please look into this as soon as possible.,Government Services,High,Kannagi Street,1,Civic request processed.
CMP0412,Pension verification camps in main road near the,Pension verification camps in main road near the market are infrequent.,Government Services,Low,First Cross Street,1,Civic request processed.
CMP0413,Civic office at mg road has long waiting,Civic office at mg road has long waiting times for certificates.,Government Services,Low,Block B,1,Civic request processed.
CMP0414,Ration card update at gandhi street office is,Ration card update at gandhi street office is pending for weeks.,Government Services,Medium,Near The City School,1,Civic request processed.
CMP0415,Pension verification camps in first cross street are,Pension verification camps in first cross street are infrequent.,Government Services,Low,Sector 12,0,Civic request processed.
CMP0416,Water bill shows wrong readings for block b,Water bill shows wrong readings for block b house and service is stalled.,Government Services,High,Kannagi Street,1,Civic request processed.
CMP0417,Water bill shows wrong readings for sector 12,Water bill shows wrong readings for sector 12 house and service is stalled.,Government Services,High,Near The City School,1,Civic request processed.
CMP0418,Ration card update at sector 12 office is,Ration card update at sector 12 office is pending for weeks please look into this as soon as possible.,Government Services,Medium,Sector 12,1,Civic request processed.
CMP0419,Ration card update at jubilee bus stop office,Ration card update at jubilee bus stop office is pending for weeks.,Government Services,Medium,Kannagi Street,1,Civic request processed.
CMP0420,Water bill shows wrong readings for first cross,Water bill shows wrong readings for first cross street house and service is stalled.,Government Services,High,Sector 12,0,Civic request processed.
CMP0421,Civic office at gandhi street has long waiting,Civic office at gandhi street has long waiting times for certificates.,Government Services,Low,Gandhi Street,1,Civic request processed.
CMP0422,Water bill shows wrong readings for sector 12,Water bill shows wrong readings for sector 12 house and service is stalled.,Government Services,High,Kamaraj Colony,1,Civic request processed.
CMP0423,Water bill shows wrong readings for lake view,Water bill shows wrong readings for lake view road house and service is stalled.,Government Services,High,First Cross Street,1,Civic request processed.
CMP0424,Ration card update at anna nagar office is,Ration card update at anna nagar office is pending for weeks please look into this as soon as possible.,Government Services,Medium,Kannagi Street,1,Civic request processed.
CMP0425,Water bill shows wrong readings for kannagi street,Water bill shows wrong readings for kannagi street house and service is stalled please look into this as soon as possible.,Government Services,High,Lake View Road,0,Civic request processed.
CMP0426,Ration card update at mg road office is,Ration card update at mg road office is pending for weeks.,Government Services,Medium,Lake View Road,1,Civic request processed.
CMP0427,Pension verification camps in gandhi street are infrequent,Pension verification camps in gandhi street are infrequent.,Government Services,Low,Lake View Road,1,Civic request processed.
CMP0428,Civic office at mg road has long waiting,Civic office at mg road has long waiting times for certificates.,Government Services,Low,Main Road Near The Market,1,Civic request processed.
CMP0429,Water bill shows wrong readings for kannagi street,Water bill shows wrong readings for kannagi street house and service is stalled.,Government Services,High,Lake View Road,1,Civic request processed.
CMP0430,Water bill shows wrong readings for first cross,Water bill shows wrong readings for first cross street house and service is stalled.,Government Services,High,Anna Nagar,0,Civic request processed.
CMP0431,Pension verification camps in mg road are infrequent,Pension verification camps in mg road are infrequent.,Government Services,Low,Sector 12,1,Civic request processed.
CMP0432,Civic office at block b has long waiting,Civic office at block b has long waiting times for certificates please look into this as soon as possible.,Government Services,Low,Kamaraj Colony,1,Civic request processed.
CMP0433,Ration card update at anna nagar office is,Ration card update at anna nagar office is pending for weeks.,Government Services,Medium,Near The City School,1,Civic request processed.
CMP0434,Ration card update at block b office is,Ration card update at block b office is pending for weeks please look into this as soon as possible.,Government Services,Medium,Anna Nagar,1,Civic request processed.
CMP0435,Civic office at block b has long waiting,Civic office at block b has long waiting times for certificates please look into this as soon as possible.,Government Services,Low,Gandhi Street,0,Civic request processed.
CMP0436,Ration card update at anna nagar office is,Ration card update at anna nagar office is pending for weeks.,Government Services,Medium,Kamaraj Colony,1,Civic request processed.
CMP0437,Birth certificate application submitted at near the city,Birth certificate application submitted at near the city school is not processed.,Government Services,Medium,Jubilee Bus Stop,1,Civic request processed.
CMP0438,Birth certificate application submitted at main road near,Birth certificate application submitted at main road near the market is not processed.,Government Services,Medium,Lake View Road,1,Civic request processed.
CMP0439,Pension verification camps in anna nagar are infrequent,Pension verification camps in anna nagar are infrequent.,Government Services,Low,First Cross Street,1,Civic request processed.
CMP0440,Birth certificate application submitted at sector 12 is,Birth certificate application submitted at sector 12 is not processed please look into this as soon as possible.,Government Services,Medium,Jubilee Bus Stop,0,Civic request processed.
CMP0441,A community event created noise in first cross,A community event created noise in first cross street for several hours.,Other,Medium,Kamaraj Colony,1,Complaint reviewed and actioned.
CMP0442,Trees on sector 12 road have grown over,Trees on sector 12 road have grown over power lines and need trimming please look into this as soon as possible.,Other,Medium,Block B,1,Complaint reviewed and actioned.
CMP0443,Trees on gandhi street road have grown over,Trees on gandhi street road have grown over power lines and need trimming.,Other,Medium,Lake View Road,1,Complaint reviewed and actioned.
CMP0444,Request for more CCTV cameras in block b,Request for more CCTV cameras in block b park please look into this as soon as possible.,Other,Low,Mg Road,1,Complaint reviewed and actioned.
CMP0445,Request for more CCTV cameras in jubilee bus,Request for more CCTV cameras in jubilee bus stop park.,Other,Low,Block B,0,Complaint reviewed and actioned.
CMP0446,Request for more CCTV cameras in lake view,Request for more CCTV cameras in lake view road park.,Other,Low,Anna Nagar,1,Complaint reviewed and actioned.
CMP0447,Suggestion to install a public notice board at,Suggestion to install a public notice board at near the city school.,Other,Low,Block B,1,Complaint reviewed and actioned.
CMP0448,Trees on jubilee bus stop road have grown,Trees on jubilee bus stop road have grown over power lines and need trimming.,Other,Medium,Anna Nagar,1,Complaint reviewed and actioned.
CMP0449,Suggestion to install a public notice board at,Suggestion to install a public notice board at first cross street.,Other,Low,Gandhi Street,1,Complaint reviewed and actioned.
CMP0450,Suggestion to install a public notice board at,Suggestion to install a public notice board at lake view road.,Other,Low,Kamaraj Colony,0,Complaint reviewed and actioned.
CMP0451,A community event created noise in sector 12,A community event created noise in sector 12 for several hours.,Other,Medium,Kamaraj Colony,1,Complaint reviewed and actioned.
CMP0452,A community event created noise in gandhi street,A community event created noise in gandhi street for several hours.,Other,Medium,First Cross Street,1,Complaint reviewed and actioned.
CMP0453,A community event created noise in block b,A community event created noise in block b for several hours please look into this as soon as possible.,Other,Medium,Anna Nagar,1,Complaint reviewed and actioned.
CMP0454,Suggestion to install a public notice board at,Suggestion to install a public notice board at anna nagar.,Other,Low,Near The City School,1,Complaint reviewed and actioned.
CMP0455,A community event created noise in main road,A community event created noise in main road near the market for several hours please look into this as soon as possible.,Other,Medium,Lake View Road,0,Complaint reviewed and actioned.
CMP0456,Request for more CCTV cameras in sector 12,Request for more CCTV cameras in sector 12 park.,Other,Low,Jubilee Bus Stop,1,Complaint reviewed and actioned.
CMP0457,A community event created noise in first cross,A community event created noise in first cross street for several hours.,Other,Medium,Gandhi Street,1,Complaint reviewed and actioned.
CMP0458,Request for more CCTV cameras in main road,Request for more CCTV cameras in main road near the market park.,Other,Low,Gandhi Street,1,Complaint reviewed and actioned.
CMP0459,Suggestion to install a public notice board at,Suggestion to install a public notice board at sector 12.,Other,Low,Kannagi Street,1,Complaint reviewed and actioned.
CMP0460,Suggestion to install a public notice board at,Suggestion to install a public notice board at lake view road.,Other,Low,Block B,0,Complaint reviewed and actioned.
CMP0461,Suggestion to install a public notice board at,Suggestion to install a public notice board at anna nagar.,Other,Low,Jubilee Bus Stop,1,Complaint reviewed and actioned.
CMP0462,Request for more CCTV cameras in mg road,Request for more CCTV cameras in mg road park please look into this as soon as possible.,Other,Low,Sector 12,1,Complaint reviewed and actioned.
CMP0463,Trees on anna nagar road have grown over,Trees on anna nagar road have grown over power lines and need trimming.,Other,Medium,Sector 12,1,Complaint reviewed and actioned.
CMP0464,Trees on sector 12 road have grown over,Trees on sector 12 road have grown over power lines and need trimming.,Other,Medium,Lake View Road,1,Complaint reviewed and actioned.
CMP0465,Suggestion to install a public notice board at,Suggestion to install a public notice board at kannagi street please look into this as soon as possible.,Other,Low,Block B,0,Complaint reviewed and actioned.
CMP0466,A community event created noise in kamaraj colony,A community event created noise in kamaraj colony for several hours.,Other,Medium,Jubilee Bus Stop,1,Complaint reviewed and actioned.
CMP0467,A community event created noise in near the,A community event created noise in near the city school for several hours.,Other,Medium,Block B,1,Complaint reviewed and actioned.
CMP0468,Trees on mg road road have grown over,Trees on mg road road have grown over power lines and need trimming.,Other,Medium,Anna Nagar,1,Complaint reviewed and actioned.
CMP0469,Request for more CCTV cameras in lake view,Request for more CCTV cameras in lake view road park.,Other,Low,Anna Nagar,1,Complaint reviewed and actioned.
CMP0470,Suggestion to install a public notice board at,Suggestion to install a public notice board at kannagi street.,Other,Low,Mg Road,0,Complaint reviewed and actioned.
CMP0471,Trees on sector 12 road have grown over,Trees on sector 12 road have grown over power lines and need trimming please look into this as soon as possible.,Other,Medium,First Cross Street,1,Complaint reviewed and actioned.
CMP0472,A community event created noise in anna nagar,A community event created noise in anna nagar for several hours.,Other,Medium,Kamaraj Colony,1,Complaint reviewed and actioned.
CMP0473,Suggestion to install a public notice board at,Suggestion to install a public notice board at jubilee bus stop.,Other,Low,Near The City School,1,Complaint reviewed and actioned.
CMP0474,Request for more CCTV cameras in kannagi street,Request for more CCTV cameras in kannagi street park please look into this as soon as possible.,Other,Low,Block B,1,Complaint reviewed and actioned.
CMP0475,A community event created noise in lake view,A community event created noise in lake view road for several hours.,Other,Medium,First Cross Street,0,Complaint reviewed and actioned.
CMP0476,Request for more CCTV cameras in anna nagar,Request for more CCTV cameras in anna nagar park.,Other,Low,Kannagi Street,1,Complaint reviewed and actioned.
CMP0477,A community event created noise in jubilee bus,A community event created noise in jubilee bus stop for several hours.,Other,Medium,Gandhi Street,1,Complaint reviewed and actioned.
CMP0478,Trees on jubilee bus stop road have grown,Trees on jubilee bus stop road have grown over power lines and need trimming.,Other,Medium,Lake View Road,1,Complaint reviewed and actioned.
CMP0479,Request for more CCTV cameras in kannagi street,Request for more CCTV cameras in kannagi street park.,Other,Low,Block B,1,Complaint reviewed and actioned.
CMP0480,Suggestion to install a public notice board at,Suggestion to install a public notice board at kamaraj colony.,Other,Low,Mg Road,0,Complaint reviewed and actioned.
